"Arts, Design, Entertainment, Sports, and Media",Actor
"Arts, Design, Entertainment, Sports, and Media",Announcer
"Arts, Design, Entertainment, Sports, and Media",Art Director
"Arts, Design, Entertainment, Sports, and Media",Athlete and/or Sports Competitor
"Arts, Design, Entertainment, Sports, and Media",Audio and Video Equipment Technician
"Arts, Design, Entertainment, Sports, and Media",Author
"Arts, Design, Entertainment, Sports, and Media",Broadcast News Analyst
"Arts, Design, Entertainment, Sports, and Media",Broadcast Technician
"Arts, Design, Entertainment, Sports, and Media",Camera Operator
"Arts, Design, Entertainment, Sports, and Media",Choreographer
"Arts, Design, Entertainment, Sports, and Media",Coach and/or Scout
"Arts, Design, Entertainment, Sports, and Media",Commercial and/or Industrial Designers
"Arts, Design, Entertainment, Sports, and Media",Copy Writer
"Arts, Design, Entertainment, Sports, and Media",Craft Artist
"Arts, Design, Entertainment, Sports, and Media",Curator
"Arts, Design, Entertainment, Sports, and Media",Dancer
"Arts, Design, Entertainment, Sports, and Media","Director - Stage, Motion Pictures, Television and/or Radio"
"Arts, Design, Entertainment, Sports, and Media",Editor
"Arts, Design, Entertainment, Sports, and Media",Essayist
"Arts, Design, Entertainment, Sports, and Media",Fashion Designer
"Arts, Design, Entertainment, Sports, and Media",Film and Video Editor
"Arts, Design, Entertainment, Sports, and Media",Floral Designer
"Arts, Design, Entertainment, Sports, and Media",Graphic Designer
"Arts, Design, Entertainment, Sports, and Media",Illustrator
"Arts, Design, Entertainment, Sports, and Media",Interior Designer
"Arts, Design, Entertainment, Sports, and Media",Interpreter and/or Translator
"Arts, Design, Entertainment, Sports, and Media",Media and Communication Equipment Worker
"Arts, Design, Entertainment, Sports, and Media",Merchandising
"Arts, Design, Entertainment, Sports, and Media",Multi-Media Artist and/or Animator
"Arts, Design, Entertainment, Sports, and Media",Music Director and/or Composer
"Arts, Design, Entertainment, Sports, and Media",Musician and/or Singer
"Arts, Design, Entertainment, Sports, and Media",Painter
"Arts, Design, Entertainment, Sports, and Media",Photographer
"Arts, Design, Entertainment, Sports, and Media",Poet
"Arts, Design, Entertainment, Sports, and Media",Producer and/or Director
"Arts, Design, Entertainment, Sports, and Media",Program Director
"Arts, Design, Entertainment, Sports, and Media",Public Relations Specialist
"Arts, Design, Entertainment, Sports, and Media",Radio Operator
"Arts, Design, Entertainment, Sports, and Media",Reporter and/or Correspondent
"Arts, Design, Entertainment, Sports, and Media",Sculptor
"Arts, Design, Entertainment, Sports, and Media",Set and/or Exhibit Designer
"Arts, Design, Entertainment, Sports, and Media",Singer
"Arts, Design, Entertainment, Sports, and Media",Songwriter and/or Lyricist
"Arts, Design, Entertainment, Sports, and Media",Sound Engineering Technician
"Arts, Design, Entertainment, Sports, and Media",Talent Director
"Arts, Design, Entertainment, Sports, and Media",Technical Director and/or Manager
"Arts, Design, Entertainment, Sports, and Media",Technical Writer
"Arts, Design, Entertainment, Sports, and Media","Umpire, Referee, and/or Other Sports Official"
"Arts, Design, Entertainment, Sports, and Media",Writer
"Arts, Design, Entertainment, Sports, and Media",Other - Artist
"Arts, Design, Entertainment, Sports, and Media",Other - Creative Writer
"Arts, Design, Entertainment, Sports, and Media",Other - Designer
"Arts, Design, Entertainment, Sports, and Media",Other - Entertainer and/or Performer
"Arts, Design, Entertainment, Sports, and Media",Other - Media Related Worker
Building and Grounds Cleaning and Maintenance,Janitor and/or Cleaner (except Maid and/or Housekeeping Cleaner)
Building and Grounds Cleaning and Maintenance,Landscaping and/or Groundskeeping Worker
Building and Grounds Cleaning and Maintenance,Maid and/or Housekeeping Cleaner
Building and Grounds Cleaning and Maintenance,Pest Control Worker
Building and Grounds Cleaning and Maintenance,"Pesticide Handler, Sprayer, and/or Applicator"
Building and Grounds Cleaning and Maintenance,Supervisor/Manager of Housekeeping and Janitorial Workers
Building and Grounds Cleaning and Maintenance,"Supervisor/Manager of Landscaping, Lawn Service, and Groundskeeping Workers"
Building and Grounds Cleaning and Maintenance,Tree Trimmer and/or Pruner
Building and Grounds Cleaning and Maintenance,Other - Building Cleaning Worker
Building and Grounds Cleaning and Maintenance,Other - Grounds Maintenance Worker
Business and Financial Operations,Accountant
Business and Financial Operations,"Agent and/or Business Manager of Artists, Performers, and Athletes"
Business and Financial Operations,Appraiser and/or Assessor
Business and Financial Operations,Auditor
Business and Financial Operations,Budget Analyst
Business and Financial Operations,Business Continuity Planner
Business and Financial Operations,Business Operations Specialist
Business and Financial Operations,"Claims Adjuster, Examiner, and/or Investigator"
Business and Financial Operations,"Compensation, Benefits, and/or Job Analysis Specialist"
Business and Financial Operations,Compliance Officer
Business and Financial Operations,Coroner
Business and Financial Operations,Cost Estimator
Business and Financial Operations,Credit Analyst
Business and Financial Operations,Customs Broker
Business and Financial Operations,Emergency Management Specialist
Business and Financial Operations,Employment Interviewer
Business and Financial Operations,"Employment, Recruitment, and/or Placement Specialist"
Business and Financial Operations,Energy Auditor
Business and Financial Operations,Environmental Compliance Inspector
Business and Financial Operations,Equal Opportunity Representative and/or Officer
Business and Financial Operations,Financial Analyst
Business and Financial Operations,Financial Examiner
Business and Financial Operations,Financial Quantitative Analyst
Business and Financial Operations,"Fraud Examiner, Investigator and/or Analyst"
Business and Financial Operations,Government Property Inspector and/or Investigator
Business and Financial Operations,Human Resources and/or Training
Business and Financial Operations,Insurance Appraiser and/or Adjuster
Business and Financial Operations,Insurance Underwriter
Business and Financial Operations,Investment Underwriter
Business and Financial Operations,Labor Relations Specialist
Business and Financial Operations,Licensing Examiner and/or Inspector
Business and Financial Operations,Loan Counselor
Business and Financial Operations,Loan Officer
Business and Financial Operations,Logistician
Business and Financial Operations,Logistics Analyst and/or Engineer
Business and Financial Operations,Management Analyst
Business and Financial Operations,Meeting and Convention Planner
Business and Financial Operations,Personal Financial Advisor
Business and Financial Operations,Personnel Recruiter
Business and Financial Operations,Purchasing Agent and/or Buyer
Business and Financial Operations,Regulatory Affairs Specialist
Business and Financial Operations,Risk Management Specialist
Business and Financial Operations,Security Management Specialist
Business and Financial Operations,Sustainability Specialist
Business and Financial Operations,"Tax Examiner, Collector, and/or Revenue Agent"
Business and Financial Operations,Tax Preparer
Business and Financial Operations,Training and Development Specialist
Business and Financial Operations,Wholesale and/or Retail Buyer
Business and Financial Operations,Other - Financial Specialist
Business and Financial Operations,Other - Business Worker
Community and Social Service,Clergy
Community and Social Service,"Counselor - Educational, Vocational, and School"
Community and Social Service,Counselor - Mental Health
Community and Social Service,Counselor - Rehabilitation
Community and Social Service,Director of Religious Education or Activities
Community and Social Service,Health Educator
Community and Social Service,Marriage and/or Family Therapist
Community and Social Service,Probation Officer and/or Correctional Treatment Specialist
Community and Social Service,Social and Human Service Assistant
Community and Social Service,"Social Worker - Child, Family and/or School"
Community and Social Service,Social Worker - Medical and/or Public Health
Community and Social Service,Social Worker - Mental Health and/or Substance Abuse
Community and Social Service,Substance Abuse and/or Behavioral Disorder Counselor
Community and Social Service,Other - Community and/or Social Service Specialist
Community and Social Service,Other - Counselor
Community and Social Service,Other - Religious Worker
Community and Social Service,Other - Social Worker
Computer and Mathematical,Actuary
Computer and Mathematical,Biostatistician
Computer and Mathematical,Business Intelligence Analyst
Computer and Mathematical,Clinical Data Manager
Computer and Mathematical,Computer and Information Scientist
Computer and Mathematical,Computer Programmer
Computer and Mathematical,Computer Security Specialist
Computer and Mathematical,Computer Software Engineer
Computer and Mathematical,Computer Specialist
Computer and Mathematical,Computer Support Specialist
Computer and Mathematical,Computer Systems Engineers/Architect
Computer and Mathematical,Data Warehousing Specialist
Computer and Mathematical,Database Administrator
Computer and Mathematical,Database Architect
Computer and Mathematical,Document Management Specialist
Computer and Mathematical,Electronic Commerce Specialist
Computer and Mathematical,Geographic Information Systems Technician
Computer and Mathematical,Geospatial Information Scientist and/or Technologist
Computer and Mathematical,Informatics Nurse Specialist
Computer and Mathematical,Information Technology Project Manager
Computer and Mathematical,Mathematical Science Occupation
Computer and Mathematical,Mathematical Technician
Computer and Mathematical,Mathematician
Computer and Mathematical,Network and Computer Systems Administrator
Computer and Mathematical,Network Systems and Data Communications Analyst
Computer and Mathematical,Operations Research Analyst
Computer and Mathematical,Software Quality Assurance Engineer and/or Tester
Computer and Mathematical,Statistician
Computer and Mathematical,Telecommunications Specialist
Computer and Mathematical,Video Game Designer
Computer and Mathematical,Web Administrator
Computer and Mathematical,Web Developer
Computer and Mathematical,Other - Computer Science Worker
Construction and Extraction,Boilermaker
Construction and Extraction,Carpenter
Construction and Extraction,Carpet Installer
Construction and Extraction,Cement Mason and/or Concrete Finisher
Construction and Extraction,Construction and/or Building Inspector
Construction and Extraction,Construction Laborer
Construction and Extraction,Derrick Operator (Oil and Gas)
Construction and Extraction,Drywall and/or Ceiling Tile Installer
Construction and Extraction,Earth Driller (except Oil and Gas)
Construction and Extraction,Electrician
Construction and Extraction,Elevator Installer and/or Repairer
Construction and Extraction,"Explosives Worker, Ordnance Handling Expert, and/or Blaster"
Construction and Extraction,Fence Erector
Construction and Extraction,Floor Layer
Construction and Extraction,Floor Sander and/or Finisher
Construction and Extraction,Glazier
Construction and Extraction,Hazardous Materials Removal Worker
Construction and Extraction,"Helper - Brickmasons, Blockmasons, Stonemasons, and/or Tile and Marble Setters"
Construction and Extraction,Helper - Carpenters
Construction and Extraction,Helper - Electricians
Construction and Extraction,Helper - Extraction Workers
Construction and Extraction,"Helper - Painters, Paperhangers, Plasterers, and/or Stucco Masons"
Construction and Extraction,"Helper - Pipelayers, Plumbers, Pipefitters, and/or Steamfitters"
Construction and Extraction,Helper - Roofers
Construction and Extraction,Highway Maintenance Worker
Construction and Extraction,Insulation Worker
Construction and Extraction,"Mason - Brick, Block, Stone, Tile and/or Marble"
Construction and Extraction,Mining Machine Operator
Construction and Extraction,Painter and/or Paperhanger
Construction and Extraction,"Paving, Surfacing, and/or Tamping Equipment Operator"
Construction and Extraction,Pile-Driver Operator
Construction and Extraction,Pipelayer
Construction and Extraction,"Plumber, Pipefitter, and/or Steamfitter"
Construction and Extraction,Rail-Track Laying and/or Maintenance Equipment Operator
Construction and Extraction,Reinforcing Iron and/or Rebar Worker
Construction and Extraction,Rock Splitter
Construction and Extraction,Roofer
Construction and Extraction,Rotary Drill Operator
Construction and Extraction,Roustabout
Construction and Extraction,Segmental Paver
Construction and Extraction,Septic Tank Servicer and/or Sewer Pipe Cleaner
Construction and Extraction,Sheet Metal Worker
Construction and Extraction,Solar Energy Installation Manager
Construction and Extraction,Solar Photovoltaic Installer
Construction and Extraction,Solar Thermal Installer and/or Technician
Construction and Extraction,Structural Iron and Steel Worker
Construction and Extraction,Supervisor/Manager of Construction and/or Extraction Workers
Construction and Extraction,Taper
Construction and Extraction,Weatherization Installer and/or Technician
Construction and Extraction,Other - Construction and Related Work
Construction and Extraction,Other - Construction Equipment Operator
Construction and Extraction,Other - Extraction Worker
Construction and Extraction,Other - Helper
Construction and Extraction,Other - Mining Worker
Construction and Extraction,Other - Oil and Gas Worker
Educational Instruction and Library,Adaptive Physical Education Specialist
Educational Instruction and Library,"Adult Literacy, Remedial Education, and/or GED Teacher and/or Instructor"
Educational Instruction and Library,Archivist
Educational Instruction and Library,Audio-Visual Collections Specialist
Educational Instruction and Library,Curator
Educational Instruction and Library,Elementary School Teacher (except Special Education)
Educational Instruction and Library,Farm and/or Home Management Advisor
Educational Instruction and Library,Graduate Teaching Assistant
Educational Instruction and Library,Instructional Coordinator
Educational Instruction and Library,Instructional Designer and/or Technologist
Educational Instruction and Library,Kindergarten Teacher (except Special Education)
Educational Instruction and Library,Librarian
Educational Instruction and Library,Library Technician
Educational Instruction and Library,Middle School Teacher (except Special and Vocational Education)
Educational Instruction and Library,Museum Technician and/or Conservator
Educational Instruction and Library,Postsecondary Teacher - Agricultural Sciences
Educational Instruction and Library,Postsecondary Teacher - Anthropology and/or Archeology
Educational Instruction and Library,Postsecondary Teacher - Architecture
Educational Instruction and Library,"Postsecondary Teacher - Area, Ethnic and/or Cultural Studies"
Educational Instruction and Library,"Postsecondary Teacher - Art, Drama and/or Music"
Educational Instruction and Library,"Postsecondary Teacher - Atmospheric, Earth, Marine and/or Space Sciences"
Educational Instruction and Library,Postsecondary Teacher - Biological Science
Educational Instruction and Library,Postsecondary Teacher - Business
Educational Instruction and Library,Postsecondary Teacher - Chemistry
Educational Instruction and Library,Postsecondary Teacher - Communications
Educational Instruction and Library,Postsecondary Teacher - Computer Science
Educational Instruction and Library,Postsecondary Teacher - Criminal Justice and/or Law Enforcement
Educational Instruction and Library,Postsecondary Teacher - Economics
Educational Instruction and Library,Postsecondary Teacher - Education
Educational Instruction and Library,Postsecondary Teacher - Engineering
Educational Instruction and Library,Postsecondary Teacher - English Language and/or Literature
Educational Instruction and Library,Postsecondary Teacher - Environmental Science
Educational Instruction and Library,Postsecondary Teacher - Foreign Language and/or Literature
Educational Instruction and Library,Postsecondary Teacher - Forestry and/or Conservation Science
Educational Instruction and Library,Postsecondary Teacher - Geography
Educational Instruction and Library,Postsecondary Teacher - Health Specialties
Educational Instruction and Library,Postsecondary Teacher - History
Educational Instruction and Library,Postsecondary Teacher - Home Economics
Educational Instruction and Library,Postsecondary Teacher - Law
Educational Instruction and Library,Postsecondary Teacher - Library Science
Educational Instruction and Library,Postsecondary Teacher - Mathematical Science
Educational Instruction and Library,Postsecondary Teacher - Nursing
Educational Instruction and Library,Postsecondary Teacher - Other
Educational Instruction and Library,Postsecondary Teacher - Philosophy or Religion
Educational Instruction and Library,Postsecondary Teacher - Physics
Educational Instruction and Library,Postsecondary Teacher - Political Science
Educational Instruction and Library,Postsecondary Teacher - Psychology
Educational Instruction and Library,Postsecondary Teacher - Recreation and Fitness Studies
Educational Instruction and Library,Postsecondary Teacher - Social Sciences
Educational Instruction and Library,Postsecondary Teacher - Social Work
Educational Instruction and Library,Postsecondary Teacher - Sociology
Educational Instruction and Library,Postsecondary Teacher - Vocational Education
Educational Instruction and Library,Preschool Teacher (except Special Education)
Educational Instruction and Library,Secondary School Teacher (except Special and Vocational Education)
Educational Instruction and Library,Self-Enrichment Education Teacher
Educational Instruction and Library,Special Education Teacher - Middle School
Educational Instruction and Library,"Special Education Teacher - Preschool, Kindergarten, and Elementary School"
Educational Instruction and Library,Special Education Teacher - Secondary School
Educational Instruction and Library,Teacher Assistant
Educational Instruction and Library,Tutor
Educational Instruction and Library,Vocational Education Teacher - Middle School
Educational Instruction and Library,Vocational Education Teacher - Secondary School
Educational Instruction and Library,"Other - Education, Training, or Library Worker"
Educational Instruction and Library,Other - Teacher and/or Instructor
Engineering and Architecture,Aerospace Engineer
Engineering and Architecture,Aerospace Engineering and Operations Technician
Engineering and Architecture,Agricultural Engineer
Engineering and Architecture,Architect
Engineering and Architecture,Architectural and/or Civil Drafter
Engineering and Architecture,Automotive Engineer
Engineering and Architecture,Automotive Engineering Technician
Engineering and Architecture,Biochemical Engineer
Engineering and Architecture,Biomedical Engineer
Engineering and Architecture,Cartographer and/or Photogrammetrist
Engineering and Architecture,Chemical Engineer
Engineering and Architecture,Civil Engineer
Engineering and Architecture,Civil Engineering Technician
Engineering and Architecture,Computer Hardware Engineer
Engineering and Architecture,Drafter
Engineering and Architecture,Electrical and/or Electronic Engineering Technician
Engineering and Architecture,Electrical and/or Electronics Drafter
Engineering and Architecture,Electrical Engineers
Engineering and Architecture,Electro-Mechanical Technician
Engineering and Architecture,Electronics Engineer
Engineering and Architecture,Energy Engineer
Engineering and Architecture,Environmental Engineer
Engineering and Architecture,Environmental Engineering Technician
Engineering and Architecture,Fire-Prevention and Protection Engineer
Engineering and Architecture,Fuel Cell Engineer
Engineering and Architecture,Fuel Cell Technician
Engineering and Architecture,Geodetic Surveyor
Engineering and Architecture,Health and Safety Engineer
Engineering and Architecture,Human Factors Engineer and Ergonomist
Engineering and Architecture,Industrial Engineering Technicians
Engineering and Architecture,Industrial Engineers
Engineering and Architecture,Industrial Safety and Health Engineer
Engineering and Architecture,Landscape Architect
Engineering and Architecture,Manufacturing Engineer
Engineering and Architecture,Manufacturing Engineering Technologist
Engineering and Architecture,Manufacturing Production Technician
Engineering and Architecture,Mapping Technician
Engineering and Architecture,Marine Architect
Engineering and Architecture,Marine Engineer and/or Naval Architect
Engineering and Architecture,Materials Engineer
Engineering and Architecture,Mechanical Drafter
Engineering and Architecture,Mechanical Engineer
Engineering and Architecture,Mechanical Engineering Technician
Engineering and Architecture,Mechatronics Engineer
Engineering and Architecture,Microsystems Engineer
Engineering and Architecture,Mining and/or Geological Engineer (including Mining Safety Engineer)
Engineering and Architecture,Nanosystems Engineer
Engineering and Architecture,Nanotechnology Engineering Technician
Engineering and Architecture,Non-Destructive Testing Specialist
Engineering and Architecture,Nuclear Engineer
Engineering and Architecture,Petroleum Engineer
Engineering and Architecture,Photonics Engineer
Engineering and Architecture,Photonics Technician
Engineering and Architecture,Product Safety Engineer
Engineering and Architecture,Radio Frequency Identification Device Specialist
Engineering and Architecture,Robotics Engineer
Engineering and Architecture,Robotics Technician
Engineering and Architecture,Solar Energy Systems Engineer
Engineering and Architecture,Surveying and Mapping Technician
Engineering and Architecture,Surveyor
Engineering and Architecture,Transportation Engineer
Engineering and Architecture,Validation Engineer
Engineering and Architecture,Water/Wastewater Engineer
Engineering and Architecture,Wind Energy Engineer
Engineering and Architecture,Other - Engineer
Engineering and Architecture,Other - Engineering Technician
"Farming, Fishing, and Forestry",Agricultural Equipment Operator
"Farming, Fishing, and Forestry",Agricultural Inspector
"Farming, Fishing, and Forestry",Animal Breeder
"Farming, Fishing, and Forestry",Faller
"Farming, Fishing, and Forestry",Farm Labor Contractor
"Farming, Fishing, and Forestry",Farmer and/or Rancher
"Farming, Fishing, and Forestry","Farmworker and/or Laborer (Crop, Nursery, and Greenhouse)"
"Farming, Fishing, and Forestry",Farmworker and/or Laborer (Ranch and Farm Animals)
"Farming, Fishing, and Forestry",Fisher or Related Fishing Worker
"Farming, Fishing, and Forestry",Forest and Conservation Worker
"Farming, Fishing, and Forestry",Grader and/or Sorter of Agricultural Products
"Farming, Fishing, and Forestry",Hunter and/or Trapper
"Farming, Fishing, and Forestry",Log Grader and/or Scaler
"Farming, Fishing, and Forestry",Logging Equipment Operator
"Farming, Fishing, and Forestry",Nursery Worker
"Farming, Fishing, and Forestry",Supervisor/Manager of Agricultural Crop and Horticultural Workers
"Farming, Fishing, and Forestry",Supervisor/Manager of Animal Husbandry and Animal Care Workers
"Farming, Fishing, and Forestry",Supervisor/Manager of Aquacultural Workers
"Farming, Fishing, and Forestry","Supervisor/Manager of Farming, Fishing, and Forestry Workers"
"Farming, Fishing, and Forestry",Supervisor/Manager of Logging Workers
"Farming, Fishing, and Forestry",Other - Agriculture Worker
"Farming, Fishing, and Forestry",Other - Animal Science
"Farming, Fishing, and Forestry",Other - Fishing Worker
"Farming, Fishing, and Forestry",Other - Forestry Worker
"Farming, Fishing, and Forestry",Other - Horticulture Worker
"Farming, Fishing, and Forestry",Other - Logging Worker
Food Preparation and Serving,Barista
Food Preparation and Serving,Bartender
Food Preparation and Serving,Chef and/or Head Cook
Food Preparation and Serving,Cook - Fast Food
Food Preparation and Serving,Cook - Institutional and Cafeteria
Food Preparation and Serving,Cook - Other
Food Preparation and Serving,Cook - Private Household
Food Preparation and Serving,Cook - Restaurant
Food Preparation and Serving,Cook - Short Order
Food Preparation and Serving,Dishwasher
Food Preparation and Serving,Food Preparation Worker
Food Preparation and Serving,Food Server
Food Preparation and Serving,Food Service Attendant/Helper
Food Preparation and Serving,Host/Hostess
Food Preparation and Serving,Supervisor/Manager of Food Preparation and Serving Workers
Food Preparation and Serving,Waiter/Waitress
Food Preparation and Serving,Other - Food Preparation Worker
Healthcare,Acupuncturist
Healthcare,Acute Care Nurse
Healthcare,Advanced Practice Psychiatric Nurse
Healthcare,Allergist and/or Immunologist
Healthcare,Anesthesiologist
Healthcare,Anesthesiologist Assistant
Healthcare,Athletic Trainer
Healthcare,Audiologist
Healthcare,Cardiovascular Technologist and/or Technician
Healthcare,Chiropractor
Healthcare,Critical Care Nurse
Healthcare,Cytogenetic Technologist
Healthcare,Cytotechnologist
Healthcare,Dental Assistant
Healthcare,Dental Hygienist
Healthcare,Dentist
Healthcare,Dermatologist
Healthcare,Diagnostic Medical Sonographer
Healthcare,Dietetic Technician
Healthcare,Dietitian and/or Nutritionist
Healthcare,Electroneurodiagnostic Technologist
Healthcare,Emergency Medical Technician and/or Paramedic
Healthcare,Endoscopy Technician
Healthcare,Family and General Practitioner
Healthcare,Genetic Counselor
Healthcare,Hearing Aid Specialist
Healthcare,Histotechnologist and/or Histologic Technician
Healthcare,Home Health Aide
Healthcare,Hospitalist
Healthcare,Internist
Healthcare,Licensed Practical Nurse and/or Licensed Vocational Nurse
Healthcare,"Vision, Orientation and Mobility Specialist"
Healthcare,Massage Therapist
Healthcare,Medical and Clinical Laboratory Technician and/or Technologist
Healthcare,Medical Assistant
Healthcare,Medical Equipment Preparer
Healthcare,Medical Records and Health Information Technicians
Healthcare,Medical Transcriptionist
Healthcare,Midwife
Healthcare,Naturopathic Physician
Healthcare,Neurologist
Healthcare,Nuclear Medicine Physician
Healthcare,Nuclear Medicine Technologist
Healthcare,Nurse Anesthetist
Healthcare,Nurse Midwife
Healthcare,Nurse Practitioner
Healthcare,"Nursing Aid, Orderly and/or Attendant"
Healthcare,Obstetrician and/or Gynecologist
Healthcare,Occupational Health and Safety Specialist
Healthcare,Occupational Health and Safety Technician
Healthcare,Occupational Therapist
Healthcare,Occupational Therapist Aide
Healthcare,Occupational Therapist Assistant
Healthcare,Ophthalmic Medical Technologist and/or Technician
Healthcare,Ophthalmologist
Healthcare,Optician (Dispensing)
Healthcare,Optometrist
Healthcare,Oral and Maxillofacial Surgeon
Healthcare,Orthodontist
Healthcare,Orthoptist
Healthcare,Orthotist and/or Prosthetist
Healthcare,Pathologist
Healthcare,Pediatrician
Healthcare,Pharmacist
Healthcare,Pharmacy Aide
Healthcare,Pharmacy Technician
Healthcare,Physical Medicine and Rehabilitation Physician
Healthcare,Physical Therapist
Healthcare,Physical Therapist Aide
Healthcare,Physical Therapist Assistant
Healthcare,Physician's Assistant
Healthcare,Podiatrist
Healthcare,Preventive Medicine Physician
Healthcare,Prosthodontist
Healthcare,Psychiatric Aide
Healthcare,Psychiatric Technician
Healthcare,Psychiatrist
Healthcare,Radiation Therapist
Healthcare,Radiologic Technologist and/or Technician
Healthcare,Radiologist
Healthcare,Recreational Therapist
Healthcare,Registered Nurse
Healthcare,Respiratory Therapist
Healthcare,Respiratory Therapy Technician
Healthcare,Speech-Language Pathologist
Healthcare,Speech-Language Pathology Assistant
Healthcare,Sports Medicine Physician
Healthcare,Surgeon
Healthcare,Surgical Technologist
Healthcare,Urologist
Healthcare,Veterinarian
Healthcare,Veterinary Assistant and/or Laboratory Animal Caretaker
Healthcare,Veterinary Technologist and/or Technician
Healthcare,Other - Health Diagnosing and Treating Practitioner
Healthcare,Other - Health Technologist and/or Technician
Healthcare,Other - Healthcare Support Worker
Healthcare,Other - Physician and/or Surgeon
Healthcare,Other - Therapist
"Installation, Maintenance, and Repair",Aircraft Mechanic and/or Service Technician
"Installation, Maintenance, and Repair",Automotive Mechanic and/or Service Technician
"Installation, Maintenance, and Repair",Avionics Technician
"Installation, Maintenance, and Repair",Bicycle Repairer
"Installation, Maintenance, and Repair",Bus and Truck Mechanic and/or Diesel Engine Specialist
"Installation, Maintenance, and Repair",Camera and/or Photographic Equipment Repairer
"Installation, Maintenance, and Repair","Coin, Vending, and/or Amusement Machine Servicer and/or Repairer"
"Installation, Maintenance, and Repair",Commercial Diver
"Installation, Maintenance, and Repair","Computer, Automated Teller, and/or Office Machine Repairer"
"Installation, Maintenance, and Repair",Control and Valve Installer and/or Repairer
"Installation, Maintenance, and Repair","Electric Motor, Power Tool, and/or Related Repairer"
"Installation, Maintenance, and Repair",Electrical and Electronics Installer and/or Repairer
"Installation, Maintenance, and Repair",Electrical Power-Line Installers and Repairers
"Installation, Maintenance, and Repair",Fabric Mender
"Installation, Maintenance, and Repair",Farm Equipment Mechanic
"Installation, Maintenance, and Repair",Geothermal Technician
"Installation, Maintenance, and Repair","Heating, Air Conditioning, and Refrigeration Mechanic and/or Installer"
"Installation, Maintenance, and Repair","Helper - Installation, Maintenance and/or Repair Workers"
"Installation, Maintenance, and Repair",Home Appliance Repairer
"Installation, Maintenance, and Repair",Home Entertainment Equipment Installer and/or Repairer
"Installation, Maintenance, and Repair",Industrial Machinery Mechanic
"Installation, Maintenance, and Repair",Locksmith and/or Safe Repairer
"Installation, Maintenance, and Repair",Machinery Maintenance Worker
"Installation, Maintenance, and Repair",Maintenance and Repair Worker - General
"Installation, Maintenance, and Repair",Manufactured Building and Mobile Home Installer
"Installation, Maintenance, and Repair",Mechanic - Power Equipment and/or Small Engine
"Installation, Maintenance, and Repair",Mechanical Door Repairer
"Installation, Maintenance, and Repair",Medical Equipment Repairer
"Installation, Maintenance, and Repair",Millwright
"Installation, Maintenance, and Repair",Mobile Heavy Equipment Mechanic
"Installation, Maintenance, and Repair",Motorboat Mechanic
"Installation, Maintenance, and Repair",Motorcycle Mechanic
"Installation, Maintenance, and Repair",Musical Instrument Repairer and/or Tuner
"Installation, Maintenance, and Repair",Precision Instrument and Equipment Repairer
"Installation, Maintenance, and Repair",Radio Mechanic
"Installation, Maintenance, and Repair",Rail Car Repairer
"Installation, Maintenance, and Repair",Recreational Vehicle Service Technician
"Installation, Maintenance, and Repair",Refractory Materials Repairer
"Installation, Maintenance, and Repair",Refrigeration Mechanic and/or Installer
"Installation, Maintenance, and Repair",Rigger
"Installation, Maintenance, and Repair",Security and/or Fire Alarm Systems Installer
"Installation, Maintenance, and Repair",Signal and Track Switch Repairer
"Installation, Maintenance, and Repair","Supervisor/Manager of Mechanics, Installers, and/or Repairers"
"Installation, Maintenance, and Repair",Telecommunications Equipment Installer and/or Repairer
"Installation, Maintenance, and Repair",Tire Repairer and/or Changer
"Installation, Maintenance, and Repair",Watch Repairer
"Installation, Maintenance, and Repair",Wind Turbine Service Technician
"Installation, Maintenance, and Repair","Other - Installation, Maintenance, and Repair Worker"
"Law, Legal Services","Administrative Law Judge, Adjudicator, and/or Hearing Officer"
"Law, Legal Services","Arbitrator, Mediator, and/or Conciliator"
"Law, Legal Services",Court Reporter
"Law, Legal Services","Judge, Magistrate Judge, and/or Magistrate"
"Law, Legal Services",Law Clerk
"Law, Legal Services",Lawyer
"Law, Legal Services",Paralegal and/or Legal Assistant
"Law, Legal Services","Title Examiner, Abstractor, and/or Searcher"
"Law, Legal Services",Other - Legal Worker
"Law, Legal Services",Other - Legal Support Worker
"Life, Physical, and Social Science",Agricultural and/or Food Science Technician
"Life, Physical, and Social Science",Animal Scientist
"Life, Physical, and Social Science",Anthropologist
"Life, Physical, and Social Science",Archeologist
"Life, Physical, and Social Science",Astronomer
"Life, Physical, and Social Science",Atmospheric and/or Space Scientist
"Life, Physical, and Social Science",Biochemist
"Life, Physical, and Social Science",Bioinformatics Scientist
"Life, Physical, and Social Science",Biological Technician
"Life, Physical, and Social Science",Biologists
"Life, Physical, and Social Science",Biophysicist
"Life, Physical, and Social Science",Chemical Technician
"Life, Physical, and Social Science",Chemist
"Life, Physical, and Social Science",City and Regional Planning Aide
"Life, Physical, and Social Science",Climate Change Analyst
"Life, Physical, and Social Science",Conservation Scientist
"Life, Physical, and Social Science",Economist
"Life, Physical, and Social Science",Environmental Economist
"Life, Physical, and Social Science",Environmental Restoration Planner
"Life, Physical, and Social Science",Environmental Science Technician
"Life, Physical, and Social Science",Environmental Scientist
"Life, Physical, and Social Science",Epidemiologist
"Life, Physical, and Social Science",Food Scientist and/or Technologist
"Life, Physical, and Social Science",Forensic Science Technician
"Life, Physical, and Social Science",Forest and Conservation Technician
"Life, Physical, and Social Science",Forester
"Life, Physical, and Social Science",Geneticist
"Life, Physical, and Social Science",Geographer
"Life, Physical, and Social Science",Geological and/or Petroleum Technician
"Life, Physical, and Social Science",Geological Sample Test Technician
"Life, Physical, and Social Science",Geophysical Data Technician
"Life, Physical, and Social Science",Geoscientist (except Hydrologist or Geographer)
"Life, Physical, and Social Science",Historian
"Life, Physical, and Social Science",Hydrologist
"Life, Physical, and Social Science",Industrial Ecologist
"Life, Physical, and Social Science",Market Research Analyst
"Life, Physical, and Social Science",Materials Scientist
"Life, Physical, and Social Science",Medical Scientist (except Epidemiologist)
"Life, Physical, and Social Science",Microbiologist
"Life, Physical, and Social Science",Molecular and Cellular Biologist
"Life, Physical, and Social Science",Neuropsychologist and/or Clinical Neuropsychologist
"Life, Physical, and Social Science",Nuclear Equipment Operation Technician
"Life, Physical, and Social Science",Nuclear Monitoring Technician
"Life, Physical, and Social Science",Nuclear Technician
"Life, Physical, and Social Science",Park Naturalist
"Life, Physical, and Social Science",Physicist
"Life, Physical, and Social Science",Political Scientist
"Life, Physical, and Social Science",Precision Agriculture Technician
"Life, Physical, and Social Science",Psychologist - Clinical
"Life, Physical, and Social Science",Psychologist - Cognitive
"Life, Physical, and Social Science",Psychologist - Counseling
"Life, Physical, and Social Science",Psychologist - Developmental
"Life, Physical, and Social Science",Psychologist - Industrial-Organizational
"Life, Physical, and Social Science",Psychologist - Other
"Life, Physical, and Social Science",Psychologist - Personality
"Life, Physical, and Social Science",Psychologist - School
"Life, Physical, and Social Science",Psychologist - Social
"Life, Physical, and Social Science",Quality Control Analyst
"Life, Physical, and Social Science",Range Manager
"Life, Physical, and Social Science",Remote Sensing Scientist and/or Technologist
"Life, Physical, and Social Science",Remote Sensing Technician
"Life, Physical, and Social Science",Social Science Research Assistant
"Life, Physical, and Social Science",Sociologist
"Life, Physical, and Social Science",Soil and Plant Scientist
"Life, Physical, and Social Science",Soil and/or Water Conservationist
"Life, Physical, and Social Science",Survey Researcher
"Life, Physical, and Social Science",Transportation Planner
"Life, Physical, and Social Science",Urban and Regional Planner
"Life, Physical, and Social Science",Zoologist and/or Wildlife Biologist
"Life, Physical, and Social Science",Other - Biological Scientist
"Life, Physical, and Social Science",Other - Life Scientist
"Life, Physical, and Social Science","Other - Life, Physical and Social Science Technician"
"Life, Physical, and Social Science",Other - Mathematical Science Occupation
"Life, Physical, and Social Science",Other - Physical Scientist
"Life, Physical, and Social Science",Other - Science Technician
"Life, Physical, and Social Science",Other - Social Scientist
Management,Administrative Services Manager
Management,Advertising and Promotions Manager
Management,Aquacultural Manager
Management,Biofuels Production Manager
Management,Biofuels/Biodiesel Technology and/or Product Development Manager
Management,Biomass Production Manager
Management,Brownfield Redevelopment Specialists and Site Manager
Management,Chief Executive Officers
Management,Chief Sustainability Officer
Management,Clinical Nurse Specialist
Management,Clinical Research Coordinator
Management,Compensation and Benefits Manager
Management,Compliance Manager
Management,Computer and Information Systems Manager
Management,Construction Manager
Management,Crop and Livestock Manager
Management,Distance Learning Coordinator
Management,Education Administrator - Elementary and Secondary School
Management,Education Administrator - Other
Management,Education Administrator - Postsecondary
Management,Education Administrator - Preschool and Child Care Center/Program
Management,Engineering Manager
Management,"Farm, Ranch, or Other Agricultural Managers"
Management,Financial Manager
Management,Fitness and Wellness Coordinator
Management,Food Service Manager
Management,Funeral Director
Management,Gaming Manager
Management,General and Operations Manager
Management,Geothermal Production Manager
Management,Green Marketer
Management,Human Resources Manager
Management,Hydroelectric Production Manager
Management,Industrial Production Manager
Management,Investment Fund Manager
Management,Legislator
Management,Lodging Manager
Management,Logistics Manager
Management,Loss Prevention Manager
Management,Marketing Manager
Management,Medical and Health Services Manager
Management,Methane/Landfill Gas Collection System Operator
Management,Natural Sciences Manager
Management,Nursery and Greenhouse Manager
Management,Online Merchant
Management,Postmaster and/or Mail Superintendent
Management,"Property, Real Estate and/or Community Association Manager"
Management,Public Relations Manager
Management,Purchasing Manager
Management,Quality Control Systems Manager
Management,Regulatory Affairs Manager
Management,Sales Manager
Management,Security Manager
Management,Social and Community Service Manager
Management,Storage and Distribution Manager
Management,Supply Chain Manager
Management,Training and Development Manager
Management,Transportation Manager
Management,"Transportation, Storage, or Distribution Manager"
Management,Treasurer and/or Controller
Management,Water Resource Specialist
Management,Wind Energy Operations Manager
Management,Wind Energy Project Manager
Management,Other - Manager
"Manufacturing, Production",Aircraft Production Worker
"Manufacturing, Production",Baker and/or Bakery Production Worker
"Manufacturing, Production",Bindery Worker
"Manufacturing, Production",Biofuels Processing Technician
"Manufacturing, Production",Biomass Plant Technician
"Manufacturing, Production",Bookbinder and/or Publishing Production Worker
"Manufacturing, Production",Butcher and/or Meat Cutter
"Manufacturing, Production",Cabinetmaker and/or Bench Carpenter
"Manufacturing, Production",Cementing and Gluing Machine Operator and/or Tender
"Manufacturing, Production",Chemical Equipment Operator and/or Tender
"Manufacturing, Production",Chemical Plant and/or System Operator
"Manufacturing, Production","Cleaning, Washing, and Metal Pickling Equipment Operator and/or Tender"
"Manufacturing, Production","Coating, Painting, and Spraying Machine Setter, Operator, and/or Tender"
"Manufacturing, Production","Coil Winder, Taper, and/or Finisher"
"Manufacturing, Production",Computer-Controlled Machine Tool Operator
"Manufacturing, Production",Cooling and Freezing Equipment Operator and/or Tender
"Manufacturing, Production","Crushing, Grinding, and Polishing Machine Setter, Operator, and/or Tenders"
"Manufacturing, Production",Cutter and/or Trimmer
"Manufacturing, Production","Cutting, Slicing, Punching, and Press Machine Setter, Operator, and/or Tender"
"Manufacturing, Production",Dental Laboratory Technician
"Manufacturing, Production","Drilling and Boring Machine Tool Setter, Operator, and/or Tender"
"Manufacturing, Production",Electrical and/or Electronic Equipment Assembler
"Manufacturing, Production",Electromechanical Equipment Assembler
"Manufacturing, Production",Engine and/or Other Machine Assembler
"Manufacturing, Production",Etcher and/or Engraver
"Manufacturing, Production","Extruding, Forming, Pressing, and Compacting Machine Setter, Operator, and/or Tender"
"Manufacturing, Production",Fabric and/or Apparel Patternmaker
"Manufacturing, Production",Fiberglass Laminator and/or Fabricator
"Manufacturing, Production","Food and Tobacco Roasting, Baking, and Drying Machine Operator and/or Tender"
"Manufacturing, Production",Food Batchmaker
"Manufacturing, Production","Forging Machine Setter, Operator, and/or Tender"
"Manufacturing, Production",Foundry Mold and Coremaker
"Manufacturing, Production","Furnace, Kiln, Oven, Drier, and Kettle Operator and/or Tender"
"Manufacturing, Production",Furniture Finisher
"Manufacturing, Production",Gas Plant Operator
"Manufacturing, Production",Gem and/or Diamond Worker
"Manufacturing, Production","Glass Blower, Molder, Bender, and/or Finisher"
"Manufacturing, Production",Grinding and/or Polishing Worker
"Manufacturing, Production","Grinding, Lapping, Polishing, and Buffing Machine Tool Setter, Operator, and Tender"
"Manufacturing, Production","Heat Treating Equipment Setter, Operator, and/or Tender"
"Manufacturing, Production",Helper - Production Workers
"Manufacturing, Production",Hydroelectric Plant Technician
"Manufacturing, Production","Inspector, Tester, Sorter, Sampler and/or Weigher"
"Manufacturing, Production",Jeweler and/or Precious Stone Worker
"Manufacturing, Production",Job Printer
"Manufacturing, Production","Lathe and Turning Machine Tool Setter, Operator, and/or Tender"
"Manufacturing, Production",Laundry and/or Dry-Cleaning Worker
"Manufacturing, Production",Lay-Out Worker
"Manufacturing, Production",Machinist
"Manufacturing, Production","Meat, Poultry, and/or Fish Cutter and Trimmer"
"Manufacturing, Production",Medical Appliance Technician
"Manufacturing, Production",Metal Caster and/or Pourer
"Manufacturing, Production",Metal-Refining Furnace Operator and/or Tender
"Manufacturing, Production",Methane/Landfill Gas Generation System Technician
"Manufacturing, Production","Milling and Planing Machine Setter, Operator, and/or Tender"
"Manufacturing, Production","Mixing and Blending Machine Setter, Operator, and/or Tender"
"Manufacturing, Production",Model Maker
"Manufacturing, Production",Molding and Casting Worker
"Manufacturing, Production","Multiple Machine Tool Setter, Operator, and/or Tender"
"Manufacturing, Production",Nuclear Power Reactor Operator
"Manufacturing, Production",Numerical Tool and/or Process Control Programmer
"Manufacturing, Production",Ophthalmic Laboratory Technician
"Manufacturing, Production",Packaging and Filling Machine Operator and/or Tender
"Manufacturing, Production","Painting, Coating, and/or Decorating Worker"
"Manufacturing, Production","Paper Goods Machine Setter, Operator, and/or Tenders"
"Manufacturing, Production",Patternmaker
"Manufacturing, Production","Petroleum Pump System Operator, Refinery Operator, and/or Gauger"
"Manufacturing, Production",Photographic Process Worker
"Manufacturing, Production","Plating and Coating Machine Setter, Operator, and/or Tender"
"Manufacturing, Production",Potter
"Manufacturing, Production",Pourer and/or Caster
"Manufacturing, Production",Power Distributor and Dispatcher
"Manufacturing, Production",Power Plant Operator
"Manufacturing, Production",Precious Metal Worker
"Manufacturing, Production",Prepress Technician and/or Worker
"Manufacturing, Production",Presser
"Manufacturing, Production",Printing Machine Operator
"Manufacturing, Production",Recycling and Reclamation Worker
"Manufacturing, Production","Rolling Machine Setter, Operator, and/or Tender"
"Manufacturing, Production","Sawing Machine Setter, Operator, and/or Tender"
"Manufacturing, Production",Semiconductor Processor
"Manufacturing, Production","Separating, Filtering, Precipitating, and Still Machine Setter, Operator, and/or Tender"
"Manufacturing, Production",Sewer and/or Sewing Machine Operator
"Manufacturing, Production",Shoe and Leather Worker and/or Repairer
"Manufacturing, Production",Shoe Machine Operator and/or Tender
"Manufacturing, Production",Slaughterer and/or Meat Packer
"Manufacturing, Production",Solderer and/or Brazer
"Manufacturing, Production",Stationary Engineer and/or Boiler Operator
"Manufacturing, Production",Stone Cutter and/or Carver
"Manufacturing, Production",Structural Metal Fabricator and Fitter
"Manufacturing, Production",Supervisor/Manager of Production Workers
"Manufacturing, Production","Tailor, Dressmaker, and/or Custom Sewer"
"Manufacturing, Production",Team Assembler
"Manufacturing, Production","Textile Machine Setter, Operator and/or Tender"
"Manufacturing, Production","Timing Device Assembler, Adjuster, and/or Calibrator"
"Manufacturing, Production",Tire Builder
"Manufacturing, Production",Tool and Die Maker
"Manufacturing, Production","Tool Grinder, Filer, and/or Sharpener"
"Manufacturing, Production",Upholsterer
"Manufacturing, Production",Water and Liquid Waste Treatment Plant and/or System Operator
"Manufacturing, Production","Welder, Cutter, Solderer, and/or Brazer"
"Manufacturing, Production","Welding, Soldering, and Brazing Machine Setter, Operator, and/or Tender"
"Manufacturing, Production",Woodworker
"Manufacturing, Production","Woodworking Machine Setter, Operator, and/or Tender"
"Manufacturing, Production",Other - Assembler and/or Fabricator
"Manufacturing, Production","Other - Machine Tool Setter, Operator, and/or Tender"
"Manufacturing, Production",Other - Metal and/or Plastic Worker
"Manufacturing, Production",Other - Plant and System Operator
"Manufacturing, Production",Other - Production Worker
"Manufacturing, Production","Other - Textile, Apparel, and/or Furnishings Worker"
Military,Air Crew Member
Military,Air Crew Officer
Military,Aircraft Launch and Recovery Officer
Military,Aircraft Launch and Recovery Specialist
Military,Armored Assault Vehicle Crew Member
Military,Armored Assault Vehicle Officer
Military,Artillery and Missile Crew Member
Military,Artillery and Missile Officer
Military,Command and Control Center Officer
Military,Command and Control Center Specialist
Military,Infantry
Military,Infantry Officer
Military,Radar and/or Sonar Technician
Military,Special Force
Military,Special Forces Officer
Military,Supervisor/Manager of Air Crew Members
Military,Supervisor/Manager of All Other Tactical Operations Specialists
Military,Supervisor/Manager of Weapons Specialists/Crew Members
Military,Other - Military Enlisted Special and Tactical Operations Crew Member and/or Specialist
Military,Other - Military Officer Special and Tactical Operations Leader/Manager
Office and Administrative Support ,Bill and/or Account Collector
Office and Administrative Support ,Billing Clerk
Office and Administrative Support ,"Billing, Cost, and/or Rate Clerk"
Office and Administrative Support ,"Billing, Posting, and/or Calculating Machine Operator"
Office and Administrative Support ,Bioinformatics Technician
Office and Administrative Support ,"Bookkeeping, Accounting, and Auditing Clerks"
Office and Administrative Support ,Brokerage Clerk
Office and Administrative Support ,Cargo and/or Freight Agent
Office and Administrative Support ,"Clerk - (Brokerage, Court, Municipal, and/or License)"
Office and Administrative Support ,Communications Equipment Operator
Office and Administrative Support ,Computer Operator
Office and Administrative Support ,Correspondence Clerk
Office and Administrative Support ,Courier and/or Messenger
Office and Administrative Support ,Court Clerk
Office and Administrative Support ,"Court, Municipal, and/or License Clerk"
Office and Administrative Support ,"Credit Authorizer, Checker, and/or Clerk"
Office and Administrative Support ,Customer Service Representative
Office and Administrative Support ,Data Entry Keyer
Office and Administrative Support ,Desktop Publisher
Office and Administrative Support ,Dispatcher - Other
Office and Administrative Support ,"Dispatcher - Police, Fire and Ambulance"
Office and Administrative Support ,Eligibility Interviewer - Government Program
Office and Administrative Support ,Executive Secretary and/or Administrative Assistant
Office and Administrative Support ,File Clerk
Office and Administrative Support ,Freight Forwarder
Office and Administrative Support ,Gaming Clerk
Office and Administrative Support ,"Hotel, Motel, and Resort Desk Clerk"
Office and Administrative Support ,Human Resources Assistant
Office and Administrative Support ,Insurance Claims and/or Policy Processing Clerk
Office and Administrative Support ,Interviewer
Office and Administrative Support ,Legal Secretary
Office and Administrative Support ,Library Assistant
Office and Administrative Support ,License Clerk
Office and Administrative Support ,Loan Clerk
Office and Administrative Support ,Mail Clerk and Mail Machine Operator (except Postal Service)
Office and Administrative Support ,Marking Clerk
Office and Administrative Support ,Medical Secretary
Office and Administrative Support ,Meter Reader
Office and Administrative Support ,Municipal Clerk
Office and Administrative Support ,New Accounts Clerk
Office and Administrative Support ,"Office Clerk, General"
Office and Administrative Support ,Office Machine Operator (except Computer)
Office and Administrative Support ,Order Clerk
Office and Administrative Support ,Order Filler - Wholesale and/or Retail Sales
Office and Administrative Support ,Other - Information and/or Record Clerk
Office and Administrative Support ,Patient Representative
Office and Administrative Support ,Payroll and/or Timekeeping Clerk
Office and Administrative Support ,Postal Service Clerk
Office and Administrative Support ,Postal Service Mail Carrier
Office and Administrative Support ,"Postal Service Mail Sorter, Processor, and/or Processing Machine Operator"
Office and Administrative Support ,Procurement Clerk
Office and Administrative Support ,"Production, Planning, and/or Expediting Clerk"
Office and Administrative Support ,Proofreader and/or Copy Marker
Office and Administrative Support ,Receptionist and/or Information Clerk
Office and Administrative Support ,"Recordkeeping - Weigher, Measurer, Checker, and/or Sampler"
Office and Administrative Support ,Reservation and Transportation Ticket Agent and/or Travel Clerk
Office and Administrative Support ,Secretary
Office and Administrative Support ,"Shipping, Receiving, and Traffic Clerk"
Office and Administrative Support ,Statement Clerk
Office and Administrative Support ,Statistical Assistant
Office and Administrative Support ,Stock Clerk and/or Order Filler
Office and Administrative Support ,Supervisor/Manager of Office and Administrative Support Workers
Office and Administrative Support ,Switchboard Operator (including Answering Service)
Office and Administrative Support ,Telephone Operator
Office and Administrative Support ,Teller
Office and Administrative Support ,Word Processor and/or Typist
Office and Administrative Support ,Other - Office and Administrative Support Worker
Personal Care and Service,Amusement and/or Recreation Attendant
Personal Care and Service,Animal Trainer
Personal Care and Service,Baggage Porter and/or Bellhop
Personal Care and Service,Barber
Personal Care and Service,Child Care Worker
Personal Care and Service,Concierge
Personal Care and Service,Costume Attendant
Personal Care and Service,Embalmer
Personal Care and Service,Fitness Trainer and/or Aerobics Instructor
Personal Care and Service,Flight Attendant
Personal Care and Service,Funeral Attendant
Personal Care and Service,Gaming Service Worker
Personal Care and Service,"Hairdresser, Hairstylist, and/or Cosmetologist"
Personal Care and Service,"Locker Room, Coatroom, and/or Dressing Room Attendant"
Personal Care and Service,Makeup Artist
Personal Care and Service,Manicurist and/or Pedicurist
Personal Care and Service,Motion Picture Projectionist
Personal Care and Service,Nanny
Personal Care and Service,Nonfarm Animal Caretaker
Personal Care and Service,Personal and Home Care Aide
Personal Care and Service,Recreation Worker
Personal Care and Service,Residential Advisor
Personal Care and Service,Shampooer
Personal Care and Service,Skin Care Specialist
Personal Care and Service,Spa Manager
Personal Care and Service,Supervisor/Manager of Personal Service Workers
Personal Care and Service,Tour Guide and/or Escort
Personal Care and Service,Transportation Attendant
Personal Care and Service,Travel Guide
Personal Care and Service,"Usher, Lobby Attendant, and/or Ticket Taker"
Personal Care and Service,Other - Entertainment Attendant or Related Worker
Personal Care and Service,Other - Personal Care and Service Worker
Protective Service,Animal Control Worker
Protective Service,Bailiff
Protective Service,Correctional Offices and/or Jailer
Protective Service,Criminal Investigator and/or Special Agent
Protective Service,Crossing Guard
Protective Service,Detective
Protective Service,Fire Fighter
Protective Service,Fire Inspector
Protective Service,Fire Investigator
Protective Service,Fish and Game Warden
Protective Service,Forest Fire Fighter
Protective Service,Forest Fire Fighting and Prevention Supervisor
Protective Service,Forest Fire Inspectors and Prevention Specialists
Protective Service,Gaming Surveillance Officer and/or Gaming Investigator
Protective Service,Immigration and/or Customs Inspector
Protective Service,Intelligence Analyst
Protective Service,"Lifeguard, Ski Patrol, or Other Recreational Protective Service Worker"
Protective Service,Loss Prevention Specialist
Protective Service,Municipal Fire Fighter
Protective Service,Municipal Fire Fighting and Prevention Supervisor
Protective Service,Parking Enforcement Worker
Protective Service,Police and Sheriff's Patrol Officer
Protective Service,Police Detective
Protective Service,Police Identification and Records Officer
Protective Service,Police Patrol Officer
Protective Service,Private Detective and/or Investigator
Protective Service,Security Guard
Protective Service,Sheriff and/or Deputy Sheriff
Protective Service,Supervisor/Manager of Correctional Officers
Protective Service,Supervisor/Manager of Fire Fighting and Prevention Workers
Protective Service,Supervisor/Manager of Police and Detectives
Protective Service,Transit and Railroad Police
Protective Service,Transportation Security Officer
Protective Service,Other - Protective Service Worker
Protective Service,Other - Supervisor/Manager of Protective Service Workers
Sales and Related Services,Advertising Sales Agent
Sales and Related Services,Cashier
Sales and Related Services,Convenience and/or Newsstand Vender
Sales and Related Services,Counter and/or Rental Clerk
Sales and Related Services,Door-to-Door Sales Worker
Sales and Related Services,Energy Broker
Sales and Related Services,Financial Services Sales Agent
Sales and Related Services,Gaming Change Person and/or Booth Cashier
Sales and Related Services,Insurance Sales Agent
Sales and Related Services,Model
Sales and Related Services,Parts Salesperson
Sales and Related Services,Product Promoters and/or Demonstrator
Sales and Related Services,Real Estate Broker
Sales and Related Services,Real Estate Sales Agent
Sales and Related Services,Retail Salesperson
Sales and Related Services,Sales Engineer
Sales and Related Services,Sales Representative - Services
Sales and Related Services,Sales Representative - Wholesale and Manufacturing
Sales and Related Services,Securities and Commodities Sales Agent
Sales and Related Services,Securities and Commodities Trader
Sales and Related Services,Solar Sales Representative and/or Assessor
Sales and Related Services,Street Vendor
Sales and Related Services,Supervisor/Manager of Retail Sales Workers
Sales and Related Services,Supervisors/Manager of Non-Retail Sales Workers
Sales and Related Services,Telemarketer
Sales and Related Services,Travel Agent
Sales and Related Services,Other - Sales Representative
Sales and Related Services,Other - Sales Worker
Transportation and Material Moving ,Air Traffic Controller
Transportation and Material Moving ,Aircraft Cargo Handling Supervisor
Transportation and Material Moving ,Airfield Operations Specialist
Transportation and Material Moving ,"Airline Pilots, Copilots, and/or Flight Engineer"
Transportation and Material Moving ,Ambulance Driver and/or Attendant
Transportation and Material Moving ,Aviation Inspectors
Transportation and Material Moving ,Bridge and Lock Tender
Transportation and Material Moving ,Bus Driver - School
Transportation and Material Moving ,Bus Driver - Transit and Intercity
Transportation and Material Moving ,Captain of Water Vessels
Transportation and Material Moving ,Cleaner of Vehicles and/or Equipment
Transportation and Material Moving ,Commercial Pilot
Transportation and Material Moving ,Conveyor Operator and/or Tender
Transportation and Material Moving ,Crane and/or Tower Operator
Transportation and Material Moving ,Dredge Operator
Transportation and Material Moving ,Driver/Sales Worker
Transportation and Material Moving ,Excavating and Related Machinery Operator
Transportation and Material Moving ,Freight and Cargo Inspector
Transportation and Material Moving ,Gas Compressor and/or Gas Pumping Station Operator
Transportation and Material Moving ,Hoist and/or Winch Operator
Transportation and Material Moving ,Industrial Truck and/or Tractor Operator
Transportation and Material Moving ,"Laborer - Freight, Stock, and/or Material Moving"
Transportation and Material Moving ,Locomotive Engineer
Transportation and Material Moving ,Locomotive Firer
Transportation and Material Moving ,Machine Feeder and/or Offbearer
Transportation and Material Moving ,Mate of Water Vessels
Transportation and Material Moving ,Motorboat Operator
Transportation and Material Moving ,Packer and/or Packager
Transportation and Material Moving ,Parking Lot Attendant
Transportation and Material Moving ,Pilot of Water Vessels
Transportation and Material Moving ,Pump Operator
Transportation and Material Moving ,Rail Transportation Worker
Transportation and Material Moving ,Recycling Coordinators
Transportation and Material Moving ,Refuse and/or Recyclable Material Collector
Transportation and Material Moving ,Sailor and/or Marine Oiler
Transportation and Material Moving ,Service Station Attendant
Transportation and Material Moving ,Ship Engineer
Transportation and Material Moving ,Shuttle Car Operator
Transportation and Material Moving ,Subway and/or Streetcar Operator
Transportation and Material Moving ,Supervisor/Manager of Transportation Workers and/or Material Movers
Transportation and Material Moving ,"Tank Car, Truck, and Ship Loader"
Transportation and Material Moving ,Taxi Driver and/or Chauffeur
Transportation and Material Moving ,Traffic Technician
Transportation and Material Moving ,Transportation Inspector
Transportation and Material Moving ,Truck Driver
Transportation and Material Moving ,Wellhead Pumper
Transportation and Material Moving ,Other - Material Moving Worker
Transportation and Material Moving ,Other - Motor Vehicle Operator
Transportation and Material Moving ,Other - Transportation Workers
Student,High School
Student,Community College
Student,4-year University
Student,Graduate School
Retired,Retired
Homemaker/Stay at home parent,Homemaker/Stay at home parent
Unemployed,less than a month
Unemployed,1-3 months
Unemployed,3-6 months
Unemployed,more than 6 months